edges,perf
1,1.02292834472
1,0.970950594455
1,0.904381457724
1,0.85545081056
1,1.05554722172
1,0.942683189255
1,0.989587521222
1,0.904381457724
1,0.942683189255
1,0.942683189255
2,1.06602267182
2,1.12411659832
2,1.05246220613
2,1.09786024787
2,0.970950594455
2,0.942683189255
2,0.998845535995
2,1.14532235843
2,1.16990182417
2,1.04986407302
3,1.02692315729
3,0.989587521222
3,1.04579958085
3,0.85545081056
3,1.07514142484
3,1.16983762581
3,1.0989924184
3,0.85545081056
3,1.17419176475
3,1.08148385248
4,1.13172141844
4,1.14650620877
4,1.12716920148
4,1.31261842979
4,1.11531059224
4,1.10975970289
4,1.2105305431
4,1.09910784051
4,1.23152243484
4,0.795040279385
5,0.942683189255
5,1.18979777284
5,1.05735104044
5,1.0283284638
5,0.904381457724
5,1.16619565392
5,1.20818102929
5,1.18968339786
5,1.18095581396
5,1.11922304964
6,1.249885444
6,1.38509725055
6,1.15883704146
6,1.14606464724
6,1.13526307269
6,1.1540828678
6,1.24437713546
6,1.06746579766
6,1.15147107877
6,1.31350899116
7,1.33853411427
7,1.19349546215
7,1.21968120628
7,1.21267088189
7,1.29688917868
7,1.05867161505
7,1.26311751007
7,1.20006190998
7,1.13412037767
7,1.26548048323
8,1.1877040691
8,1.10313161414
8,1.17542460829
8,1.14554979401
8,1.22344213224
8,1.09048122516
8,1.28136061632
8,1.24990691334
8,1.24428136699
8,1.18247611736
9,1.24047100152
9,1.46558222861
9,1.07115502317
9,1.25936267453
9,1.29479092718
9,1.21439194806
9,1.19934563036
9,1.11723394327
9,1.16857849986
9,1.2518628587
10,1.37057670088
10,1.16964339695
10,1.13342990846
10,1.36604942876
10,1.23890891169
10,1.26213766571
10,1.32596021714
10,1.26667991429
10,1.27181422791
10,1.30411388787
11,1.49841329513
11,1.28720109136
11,1.02254257656
11,1.20802960238
11,1.3287386594
11,1.19805898122
11,1.1485728072
11,1.2474145655
11,1.19338493327
11,1.17445004591
12,1.12175505045
12,1.16852320673
12,1.20474007464
12,1.13774164538
12,1.32958824331
12,1.16815137736
12,1.27382402202
12,1.26458665204
12,1.17034556043
12,1.23342105651
13,1.30499688191
13,1.29236513316
13,1.19200229434
13,1.26109126157
13,1.31634359389
13,1.21888452058
13,1.43589938676
13,1.21542801859
13,1.29439962795
13,1.18625078588
14,1.34322716858
14,1.2499378067
14,1.18010764299
14,1.22321741022
14,1.39046852716
14,1.25549973514
14,1.45966563669
14,1.25712706637
14,1.2555140105
14,1.42518717334
15,1.27028545393
15,1.26905164699
15,1.22276278763
15,1.3448187647
15,1.23497803144
15,1.32587546216
15,1.35529409524
15,1.37272854974
15,1.29533111873
15,1.32625630481
16,1.1828873221
16,1.43311821397
16,1.24068949695
16,1.29661714262
16,1.36294443103
16,1.21788634107
16,1.35047696999
16,1.2458314743
16,1.40019705875
16,1.3046184014
17,1.28799556675
17,1.22531509697
17,1.40446691947
17,1.51748789443
17,1.32833293582
17,1.22162083344
17,1.22416505189
17,1.27228795064
17,1.30033746186
17,1.24740410448
18,1.14638722742
18,1.42770626806
18,1.28758420481
18,1.22890535789
18,1.39044631839
18,1.270631703
18,1.09081219396
18,1.20864258768
18,1.41688453234
18,1.2384573312
19,1.18557909883
19,1.30821077176
19,1.34457595194
19,1.42144593039
19,1.25825454958
19,1.15192109599
19,1.24221941041
19,1.33467188109
19,1.27135806841
19,1.22277729506
20,1.203528416
20,1.46735746455
20,1.268190244
20,1.2519015523
20,1.25277107952
20,1.26861248931
20,1.17323383162
20,1.16589423645
20,1.42852310781
20,1.26697164234
21,1.2794067345
21,1.25593631356
21,1.52500646865
21,1.23621520205
21,1.32279303228
21,1.41157969251
21,1.20679703349
21,1.38973397024
21,1.26484207244
21,1.26089427964
22,1.22133987452
22,1.06649382813
22,1.14931385683
22,1.30898096189
22,1.38360475956
22,1.37792342914
22,1.26051702256
22,1.54659432699
22,1.24594721753
22,1.24516071068
23,1.29372686727
23,1.42073650576
23,1.24339356264
23,1.27199812244
23,1.20820589591
23,1.25182677839
23,1.25899128484
23,1.26277571781
23,1.19548699534
23,1.26753722862
24,1.25545030083
24,1.31335237238
24,1.19701635632
24,1.48793783355
24,1.30521792434
24,1.21813735856
24,1.31143483227
24,1.19024418743
24,1.19207898907
24,1.40691302275
25,1.26838418171
25,1.32981002214
25,1.226972311
25,1.22731838242
25,1.23798230545
25,1.26014127038
25,1.25552097057
25,1.42258184636
25,1.3634061602
25,1.25159478999
26,1.19315713893
26,1.28072130775
26,1.12899970182
26,1.1929610002
26,1.19732910746
26,1.29574951684
26,1.40927992009
26,1.20960357896
26,1.24880165525
26,1.16384669557
27,1.39090518216
27,1.26117635096
27,1.29413348312
27,1.27767826373
27,1.38652501121
27,1.40708139722
27,1.36061594039
27,1.1552137665
27,1.16212170378
27,1.4846548647
28,1.5008302907
28,1.20117569617
28,1.32254639849
28,1.20758962633
28,1.23771840402
28,1.27863509728
28,1.18492099084
28,1.24814896924
28,1.19266199489
28,1.35777059355
29,1.1591561677
29,1.38582128571
29,1.28372213892
29,1.23892067388
29,1.14694634737
29,1.32921426393
29,1.24205992113
29,1.31544223126
29,1.21194264845
29,1.14813326246
30,1.55958854619
30,1.04477881163
30,1.39643067853
30,1.14158079162
30,1.48018543471
30,1.24563943245
30,1.20838963394
30,1.46976152875
30,1.05512851255
30,1.30839270765
31,1.23461212523
31,1.38103765346
31,1.52080899428
31,1.38508641831
31,1.57531102167
31,1.23984678437
31,1.44417161071
31,1.16186679158
31,1.29855226787
31,1.34919751508
32,1.22721884595
32,1.19344434217
32,1.38966762859
32,1.21675973769
32,1.24716456853
32,1.42006509173
32,1.31095131542
32,1.1909066895
32,1.25196067768
32,1.30603331725
33,0.997843906983
33,1.33026914926
33,1.3009979386
33,1.23596433244
33,1.24988260016
33,1.14578707854
33,1.27601839865
33,1.13911635671
33,1.42278022677
33,1.07752325223
34,1.31834189511
34,1.25715877276
34,1.35822420934
34,1.3641982679
34,1.25363302571
34,1.17872623631
34,1.28617852587
34,1.48141748187
34,1.36012845023
34,1.28913361408
35,1.38954961596
35,1.33649119356
35,1.17876102048
35,1.25989919508
35,1.33214544499
35,1.10128936377
35,1.44104196691
35,1.23804386788
35,1.22847821754
35,1.02257581863
36,1.1251151155
36,1.0442156364
36,1.23611172887
36,1.38152970698
36,1.24471894211
36,1.40844989325
36,1.17154779656
36,1.16229239487
36,1.28902826113
36,1.21583425471
37,1.28584558079
37,1.24230191438
37,1.23042698721
37,1.1544138001
37,1.27082085064
37,1.1003090967
37,1.12656922812
37,1.12346378588
37,1.093892572
37,1.33465628617
38,1.23600848079
38,1.38138613248
38,1.26524658701
38,1.14459916526
38,1.25270501168
38,1.33171860313
38,1.16791627027
38,1.24013191973
38,1.4193440377
38,1.20886646084
39,0.8758854774
39,1.26508576024
39,1.03784606766
39,1.24535431467
39,1.21660436863
39,1.27232882265
39,1.34076935021
39,1.26160522163
39,1.22404950065
39,1.14822158814
40,1.09646477317
40,1.38338225839
40,1.1675447216
40,1.44026361229
40,1.1222108953
40,1.32361831
40,1.06469316237
40,1.21066501267
40,1.17606559999
40,1.1758550255
41,1.20492085237
41,1.26275486314
41,1.30509574713
41,1.08154651612
41,1.25897900086
41,1.36930884616
41,1.18242116196
41,1.2624693164
41,1.17258365544
41,1.5706314071
42,1.02419979619
42,1.20858060464
42,1.15107659562
42,1.2416633312
42,1.28482988091
42,1.15355800462
42,1.40856715168
42,1.39415143118
42,0.879992965371
42,1.19349558133
43,0.973609996368
43,1.30753869576
43,1.44341305864
43,1.53573635232
43,1.37079075497
43,1.12280516057
43,1.26007113993
43,1.15525292488
43,1.3949308847
43,1.29892938381
44,1.15423962193
44,1.22170269305
44,1.09087068637
44,1.15090455661
44,0.939257488952
44,1.3483960803
44,1.22242074109
44,1.39998972069
44,1.2588831203
44,1.32386167617
45,1.1753720859
45,1.2890465188
45,0.791167439048
45,1.30867179553
45,1.30799143857
45,1.26977633068
45,1.28836307417
45,1.31145922785
45,1.0693269049
45,1.18441737027
46,1.06699752665
46,1.10114190485
46,1.25077924688
46,0.664577570988
46,1.17203153934
46,1.05222368519
46,1.15839709604
46,1.13731593523
46,1.18556170172
46,1.30536020627
47,0.979316287448
47,1.34155253263
47,0.695962937631
47,0.850254243164
47,0.902289008423
47,1.32258376155
47,1.29254099443
47,0.907620914249
47,1.12907593912
47,1.07525785994
48,0.782706400389
48,1.13682909393
48,1.13715519138
48,1.05437848459
48,0.998881483324
48,1.13143838771
48,0.769029943411
48,0.941708843164
48,1.07609822115
48,1.10236662766
49,1.19826399123
49,1.49108868479
49,0.920741887528
49,0.924913559143
49,1.20109871879
49,0.937374080533
49,1.14742578115
49,1.10686357419
49,1.06797010266
49,0.936153521699
50,1.02900239617
50,0.793977842473
50,0.985527732911
50,1.15100796558
50,1.14966891198
50,1.13206014497
50,1.11881072575
50,1.30300220501
50,1.00438306051
50,1.16074777243
51,1.39458928319
51,1.12959047302
51,1.1232564038
51,1.40864033476
51,0.899955830209
51,1.17868235668
51,0.942699208157
51,0.980171390591
51,0.921543170068
51,0.950912156294
52,0.860341036238
52,1.01667822645
52,0.994857880967
52,1.20691548448
52,1.11050467772
52,0.969164355045
52,1.22144531686
52,1.09758231931
52,1.04460160275
52,0.919668059844
53,1.04018145941
53,1.11668968489
53,1.18878342319
53,0.634500784833
53,0.950920314133
53,1.04137653803
53,1.06645791196
53,0.971432918494
53,0.608941554107
53,0.910311496638
54,1.12414478847
54,1.18932378086
54,1.06371179067
54,0.858403302794
54,0.80983679186
54,1.03774307305
54,1.05472921762
54,0.972695372492
54,1.12708683952
54,0.836013311396
55,1.37416949527
55,1.28406819102
55,1.2014410937
55,1.07822346464
55,1.15571998714
55,1.12817343299
55,0.722479459796
55,1.03072514701
55,1.10747882107
55,1.02718141087
56,1.21834806488
56,1.09080671457
56,1.14527373783
56,0.974187427421
56,0.97190908147
56,0.686920788169
56,1.11259152656
56,0.906030128443
56,1.08275664655
56,1.25674422574
57,1.0766133194
57,0.958746794846
57,0.956528849582
57,1.09758336496
57,0.83382574361
57,0.889052567131
57,1.02535192833
57,0.998531935854
57,1.05593925778
57,1.11621656073
58,1.0774727228
58,1.05817609056
58,1.08745331091
58,0.832113962331
58,0.932258569608
58,0.890554062124
58,1.12553253722
58,1.26867000948
58,0.919912003907
58,0.868057679819
59,0.866433744996
59,0.830778691625
59,1.07926739471
59,0.685719421304
59,1.01079735964
59,1.07652414336
59,1.01064878074
59,0.699664292316
59,0.919552562761
59,0.665195979081
60,0.442178336384
60,1.13066667706
60,1.00920049177
60,0.911726755784
60,0.937020961495
60,0.825586143527
60,0.842899570033
60,0.757783944135
60,0.768444887323
60,1.05836154676
61,0.812784712813
61,0.712982040114
61,1.11374204368
61,0.93986181855
61,0.997209229094
61,0.992130353698
61,1.06217472228
61,0.58629634023
61,1.16805098064
61,0.582903821619
62,1.09409115637
62,0.469857341451
62,1.28332774317
62,0.439792287176
62,0.937713168623
62,1.00647064642
62,0.578595288503
62,0.693265705636
62,0.894928454424
62,0.432431301275
63,0.829266409453
63,0.810412782657
63,0.625140230371
63,0.609832270684
63,0.66020482066
63,0.658488555173
63,0.569311890966
63,0.768314960827
63,0.965562700737
63,0.748208747558
64,0.395558504431
64,0.768212094044
64,1.00568725736
64,0.756124323076
64,0.943925434512
64,0.807502533118
64,1.13246014524
64,0.853454541173
64,1.16450447725
64,0.948391432054
65,1.04925446612
65,0.952768037539
65,0.445773764557
65,0.936679894433
65,1.01975371788
65,0.672158310054
65,0.98396061295
65,0.829497558791
65,1.10634406864
65,0.92135859233
66,0.673612569458
66,0.68174063055
66,0.74060460663
66,0.744599915899
66,0.985303987674
66,0.729388143577
66,0.873876033934
66,0.894585506653
66,1.08503706638
66,0.973078939387
67,0.733843587603
67,0.250339764517
67,0.621709632675
67,0.655041296189
67,1.08434489905
67,0.839857258354
67,0.910839559504
67,0.916190864239
67,0.927253556851
67,1.1017748635
68,0.89512151652
68,1.07451622377
68,1.03677447451
68,1.0627772385
68,1.06415435215
68,1.05188460967
68,0.693270639087
68,0.744825771151
68,0.783947029817
68,0.921172652142
69,0.985419192325
69,0.820170090661
69,0.74017226276
69,1.0642446792
69,0.832474487768
69,0.558101952515
69,0.791194749163
69,0.840199583685
69,0.816428350706
69,0.853158398608
70,0.904470222152
70,1.03214429809
70,0.97893414049
70,0.375361499259
70,0.507312226764
70,0.914261425113
70,0.880061619927
70,0.848152816864
70,1.21579441702
70,0.884116178642
71,0.704930367373
71,1.2466694013
71,0.90322564455
71,0.808540855848
71,1.14636767293
71,0.915409128673
71,0.781432319737
71,0.999704045794
71,0.202780005523
71,1.04174296826
72,1.13279651008
72,0.0886152128701
72,0.961938789493
72,0.948614387053
72,0.850925107419
72,0.980073153407
72,0.534610402935
72,1.05147010795
72,0.646396568498
72,0.830372933713
73,0.496073543452
73,0.908278526146
73,1.02547216943
73,0.923169880298
73,0.594941764433
73,0.674762085271
73,1.23334048566
73,0.582139322549
73,0.81582232963
73,0.60955606442
74,1.04647265206
74,0.970388648909
74,0.931283616327
74,0.803104161311
74,0.439736397026
74,0.630315161039
74,0.824754422691
74,0.729880080237
74,0.95774301293
74,0.807305647789
75,0.975428686786
75,1.1615286528
75,0.757482536491
75,0.767199885385
75,0.74396273799
75,0.41246451416
75,0.859352505305
75,0.650027324195
75,0.579858020026
75,0.808938145132
76,0.706042598732
76,0.790130634646
76,0.914287510484
76,0.913489935411
76,0.369892916994
76,0.600055854499
76,0.914235739025
76,0.830688655866
76,0.502283483804
76,0.967290951923
77,0.406173578904
77,0.379566231654
77,1.16903830945
77,0.962745210417
77,0.757420081409
77,0.726631005517
77,0.898685324703
77,0.797410755085
77,0.846642582419
77,0.584718978275
78,0.730850928422
78,0.665977332229
78,0.868991573339
78,0.877424545999
78,1.05171306345
78,0.880107865334
78,1.01677448493
78,0.63468849499
78,0.958893729157
78,0.434219470433
79,0.839780192399
79,0.963253304802
79,0.788572927235
79,0.780278191973
79,1.40480312216
79,0.762952396465
79,0.786241597269
79,0.845149225225
79,0.843339107547
79,0.622350612347
80,0.766994475581
80,0.327020388046
80,0.913728741012
80,0.482580670663
80,1.05901287588
80,0.136298188218
80,0.755625079996
80,0.728765869846
80,0.887162066977
80,0.451644624969
81,0.52776138586
81,0.735048670957
81,0.831134669905
81,0.698202492638
81,0.760746089326
81,0.0619787645969
81,0.56782091157
81,0.674962455647
81,0.755172353229
81,0.405611941025
82,0.651210779324
82,1.16886441643
82,0.312268430454
82,0.565718510784
82,0.613170882928
82,0.494669499702
82,0.857457564171
82,0.726103926223
82,0.662183241353
82,1.01283233498
83,0.982704726456
83,0.889246264864
83,0.883109277258
83,0.923207821089
83,0.898979150113
83,0.774426580961
83,0.468424084098
83,1.32254447607
83,0.770229399128
83,0.676927814128
84,0.74700636934
84,0.747241905159
84,1.02867338142
84,0.469478795557
84,0.199651182765
84,1.08028724286
84,0.33518760523
84,0.855271151296
84,0.143447977149
84,1.16849383185
85,0.944279439075
85,0.959604329012
85,0.585368509808
85,0.484161081904
85,0.868081335704
85,0.745409670181
85,0.849398708995
85,0.67820193866
85,0.137834053588
85,0.646043429926
86,0.832104965097
86,0.476764063139
86,0.428563853238
86,0.750209481478
86,0.655766837803
86,0.784317596179
86,0.779674008926
86,0.49428302486
86,0.680160984215
86,0.766017101223
87,0.7376426031
87,0.473385809359
87,0.758352744077
87,0.400647732569
87,0.440139576574
87,0.66935176147
87,0.707096463029
87,0.644159078067
87,0.751585792606
87,0.603093745105
88,0.914603948436
88,0.904064029881
88,0.724208415298
88,0.621305440523
88,0.772904088309
88,0.714589845542
88,0.805928079101
88,0.867602488987
88,0.679380257756
88,0.515433593711
89,0.793478391852
89,0.75687945277
89,0.769729675104
89,0.699102353371
89,0.759831609971
89,0.915017609692
89,0.711072628235
89,0.72311942531
89,1.10290813585
89,0.942405055167
90,0.681694841258
90,0.850929980824
90,0.941373624456
90,0.0521533173058
90,0.460080797288
90,0.714553314526
90,0.647858968123
90,0.247256112599
90,0.759914116949
90,0.625389501293
91,1.01998598166
91,0.920235546421
91,0.709917044535
91,0.563415073638
91,0.500534361157
91,0.620798365992
91,1.01762302567
91,0.792394457864
91,0.790862222226
91,0.103930220269
92,0.970511423837
92,0.507765308103
92,0.23935516024
92,0.733648719833
92,0.757532672667
92,0.330342929917
92,0.584713158959
92,0.424237132222
92,0.564058000365
92,0.200174850319
93,0.320792439698
93,0.896056253426
93,0.237151831678
93,0.813030479535
93,0.619405454536
93,0.687007596046
93,0.955021104207
93,0.905344877935
93,0.244716546352
93,0.857708059537
94,0.0993708645843
94,0.423801919358
94,0.531822596613
94,0.471348717476
94,0.637277626145
94,0.937729556406
94,0.458702493102
94,0.935898923008
94,0.637518182936
94,0.569322701658
95,0.741975623583
95,0.585484569667
95,0.788220798374
95,0.792827940451
95,0.74855981112
95,0.224898228384
95,1.00508133455
95,0.18858876566
95,0.550666230169
95,0.590190196982
96,0.475706809044
96,0.529003576972
96,0.680352551389
96,0.533534732319
96,0.502388651133
96,0.555084759845
96,0.650058672255
96,0.633021744644
96,0.82542174575
96,0.960083237757
97,0.501487975147
97,0.759946927933
97,0.400647732569
97,0.480938554783
97,0.424965872505
97,0.642095920323
97,0.653780184486
97,0.406979540176
97,0.819562430407
97,0.800611973804
98,0.388169314186
98,0.829616450619
98,0.402240682048
98,0.910342221216
98,0.649011521365
98,0.571105293071
98,0.867341702127
98,1.03331815635
98,1.09158048663
98,0.00406893306174
99,0.566325242509
99,0.570584939354
99,0.563005509947
99,0.535054683854
99,0.787728663066
99,0.469085344575
99,0.734723236126
99,0.436802333107
99,0.983276525659
99,0.479713335797
100,0.531474778291
100,0.724354627779
100,0.959197968103
100,0.678286100129
100,0.764263262197
100,0.63457672364
100,0.938924695448
100,0.431442908918
100,0.194178439551
100,0.594142066771
101,0.617353314421
101,0.790998260244
101,0.634504622087
101,0.47622564256
101,0.817355082545
101,0.750057073354
101,0.386330443216
101,0.393486340665
101,0.331036496549
101,0.329657390501
102,0.64969617788
102,0.30351056049
102,0.566395968909
102,0.827630542871
102,0.930196095569
102,0.622449125538
102,0.311372276815
102,0.64107035196
102,0.559230455231
102,0.485986460898
103,0.43383387851
103,0.726274904197
103,0.570149485892
103,0.268918633393
103,0.321906527143
103,0.557612522264
103,0.613224128213
103,0.419425709531
103,0.569309225395
103,0.387231901849
104,0.753708812295
104,0.380962820973
104,1.14258766835
104,0.72052391703
104,0.660403213716
104,0.533960475511
104,0.62686338211
104,0.67614382565
104,0.706556495303
104,0.577048414126
105,0.618296560787
105,0.098635849677
105,0.754199746457
105,0.221723075169
105,0.701704955886
105,0.0829778212493
105,0.321942672289
105,0.671612618872
105,0.290171677354
105,0.344429320709
106,0.0121618282577
106,1.05434347379
106,0.158613167191
106,0.938440118432
106,0.313906825552
106,0.506524653578
106,0.916135727496
106,0.544788601473
106,0.710418744727
106,0.418712089262
107,0.736423657996
107,0.426053548993
107,0.537075714533
107,0.802410525027
107,0.47755427275
107,0.462921396461
107,1.05671243562
107,0.601950090395
107,0.636865860728
107,0.468186590781
108,0.506536095416
108,0.586333739818
108,0.0962778795604
108,0.584742596797
108,0.567985503967
108,0.407828914059
108,0.746937796727
108,0.890543099306
108,0.653436994103
108,0.467490730749
109,0.641676973839
109,0.464925734338
109,0.845139894048
109,1.17339146988
109,0.177751736408
109,0.211646938584
109,0.480543578069
109,0.726198074201
109,0.517229085117
109,0.815173008812
110,0.592824495652
110,0.784364151535
110,0.375726923507
110,0.893740769143
110,0.392252404646
110,0.641250480724
110,0.194593009239
110,0.264040524668
110,0.531332158603
110,0.0185321722786
111,0.596854084473
111,0.755406002676
111,0.324361452834
111,0.495072635377
111,0.696356815515
111,0.400647732569
111,0.14012779204
111,0.308797821612
111,0.589817821066
111,0.600162079614
112,0.436750421221
112,0.521214679097
112,0.389018186179
112,0.443660027286
112,0.579383378277
112,0.836585890135
112,0.0535863485389
112,0.477182252901
112,0.888443616518
112,0.346171139234
113,0.6467309249
113,0.544550352345
113,0.314915072826
113,0.359111473906
113,0.511161380631
113,0.65077909489
113,0.535027666083
113,0.608480647495
113,0.802789047895
113,0.469153415443
114,0.530118730879
114,0.608702167962
114,0.572054966855
114,0.375735850425
114,0.0882145896122
114,0.603832727715
114,0.710668962309
114,0.7455300657
114,0.776731361777
114,0.810030538463
115,0.787031226382
115,0.59795173509
115,0.563640738576
115,0.385330379003
115,0.661218185721
115,0.00628559177994
115,0.505286343436
115,0.585793078888
115,0.888931524212
115,0.554002451625
116,0.0893126838288
116,0.283506435896
116,0.428708105051
116,0.44414656853
116,0.618857943972
116,0.804799174233
116,0.511004888368
116,0.514809700413
116,0.627961031452
116,0.714153182461
117,0.265032353318
117,0.417398193537
117,0.775565005897
117,0.286323133949
117,0.391747287182
117,0.219438260807
117,0.480944776025
117,0.567024095595
117,0.644434378578
117,0.424878357468
118,0.149237375726
118,0.633068845374
118,1.07519570623
118,0.725770843785
118,0.884030190691
118,0.617849492811
118,0.660517399885
118,0.696197960333
118,0.634991273058
118,0.0609783286597
119,0.664927732966
119,0.520436229321
119,0.756702483286
119,0.601415737044
119,0.099784930583
119,0.337364712066
119,0.534588643007
119,0.439131180641
119,0.618284253364
119,0.230335819277
120,0.764999951568
120,0.785212306893
120,0.391747287182
120,0.447592220625
120,0.552194588256
120,0.783333610737
120,0.259543262132
120,0.456855545293
120,0.689770504091
120,1.16058494542
121,0.00406522191065
121,0.635436371555
121,0.482637344813
121,0.0
121,0.456262729263
121,0.257414743277
121,0.178057070568
121,0.232473795533
121,0.50955637394
121,0.682755035559
122,0.690543082847
122,0.619947606833
122,0.0064411161264
122,0.612664282628
122,0.32932533164
122,0.0489125106366
122,0.257037531911
122,0.566130358477
122,0.560156076184
122,0.480037012681
123,0.393814746964
123,0.302856814186
123,0.407733399194
123,0.499520141278
123,0.71536037016
123,0.0912110893479
123,0.632702613594
123,1.000688364
123,0.321459792031
123,0.85055299618
124,0.227191069871
124,0.352199785215
124,0.262293250344
124,0.545731290734
124,0.453334337823
124,0.552510130941
124,0.319250735772
124,0.217261444815
124,0.0121618282577
124,0.609793565293
125,0.10041817489
125,0.891834977953
125,0.760872775064
125,0.0848793483836
125,0.350512997091
125,0.324397326605
125,0.708406811596
125,0.263334777811
125,0.207465170883
125,0.507730428073
126,0.570863599558
126,0.0579234713806
126,0.283657532494
126,0.467032141815
126,0.451766502939
126,0.325605376254
126,0.317289041797
126,0.446449890569
126,0.654522631174
126,0.505480131758
127,0.0
127,0.303817489268
127,0.55015096299
127,0.329905987292
127,0.40053365147
127,0.518525729789
127,0.40426699528
127,0.692357569766
127,0.392701963711
127,0.580983053124
128,0.678513818698
128,0.255673171026
128,0.610234150295
128,0.0714199705053
128,0.716274475907
128,0.433190987927
128,0.396811890812
128,0.553642579855
128,0.793459022024
128,0.314461453807
129,0.50543973094
129,0.823872866508
129,0.465409261318
129,0.403724066043
129,0.371266784278
129,0.727897471609
129,0.450459844069
129,0.0672309826803
129,0.747297007428
129,0.50758967459
130,0.623437650602
130,0.081620820919
130,1.01624574104
130,0.458254651483
130,0.404184672827
130,0.278880514801
130,0.438378978466
130,0.409794405117
130,0.621339100723
130,0.254714664176
131,0.433189175865
131,0.769665712527
131,0.413286657667
131,0.473857215802
131,0.408420129064
131,0.646457881523
131,0.762785696707
131,0.641099483222
131,0.279378237358
131,0.520770756255
132,0.166166699286
132,0.48045840997
132,0.0764495444745
132,0.244657345772
132,0.368241419012
132,0.238646125217
132,0.209598164894
132,0.125068354573
132,0.414351734247
132,0.448737264518
133,0.0676573216501
133,0.304884557017
133,0.287022781616
133,0.269468175874
133,0.258763346901
133,0.650863967424
133,0.719020170548
133,0.407806865153
133,0.757602279084
133,0.768447501395
134,0.172046139644
134,0.722409122466
134,0.403477315506
134,0.287121934184
134,0.663323222143
134,0.902428271079
134,0.636705464813
134,0.310192135574
134,0.750819119873
134,0.324045341634
135,0.901334750313
135,0.606480903408
135,0.339298166965
135,0.775773589924
135,0.056121436214
135,0.966658385534
135,0.733251242515
135,0.67479200304
135,0.800380169688
135,0.575497995905
136,0.53306680501
136,0.530110749032
136,0.918200936132
136,0.316961561406
136,0.123310217867
136,0.0687164123304
136,0.624554218746
136,0.523266409157
136,0.293640799201
136,0.0733632895093
137,0.512878343689
137,0.57841350024
137,0.288969122548
137,0.560950711675
137,0.314532472433
137,0.0
137,0.411070065257
137,0.504164362389
137,0.969470156847
137,0.361536732925
138,0.326042888965
138,0.516963330213
138,0.553069707029
138,0.539679499208
138,0.177915180426
138,0.52642791874
138,0.278491741005
138,0.555920497178
138,0.4391922998
138,1.0422459717
139,0.19466420367
139,0.372189412594
139,0.529333291669
139,0.181020788136
139,0.128901824705
139,0.946917345162
139,0.241009185056
139,0.487225307323
139,0.168087652028
139,0.55310351225
140,0.472994500732
140,0.288831349799
140,0.324259409432
140,0.729122442668
140,0.307300907054
140,0.293296814224
140,0.153957348036
140,0.645393215596
140,0.645873781861
140,0.490414750352
141,0.347080010384
141,0.595868108456
141,0.731573929054
141,0.526377840029
141,0.212750623155
141,0.766219124631
141,1.00846548291
141,0.101529725712
141,0.282450169083
141,0.0242908958658
142,0.051327727739
142,0.0104017284573
142,0.545289065189
142,0.609772859652
142,0.232810509366
142,0.243651359714
142,0.665807405448
142,0.418622240228
142,0.472975174203
142,0.334756045969
143,0.21157736606
143,0.786776964536
143,0.847849545146
143,0.511006098202
143,0.638022194496
143,0.0416069138292
143,0.0885239134762
143,0.39692094989
143,0.199595604905
143,0.41774478107
144,0.505104751539
144,0.323529738205
144,0.597550042269
144,0.430427900931
144,0.0
144,0.462586780424
144,0.379338824593
144,0.443649033867
144,0.384410683712
144,0.144752475126
145,1.08005660809
145,0.754023197973
145,0.563020041812
145,0.323197326298
145,0.538413138994
145,0.178453469086
145,0.336176873168
145,0.229737167574
145,0.606118910647
145,1.16049098139
146,0.0653415497239
146,0.0121956657319
146,0.633648138921
146,0.392017621818
146,0.366089851619
146,0.0118013666448
146,0.0257263555742
146,0.270062921578
146,0.798700219415
146,0.868610831429
147,0.37028148608
147,1.01405441972
147,0.608308562638
147,0.175666692197
147,0.968050618147
147,0.727161893238
147,0.101797107946
147,0.285594892761
147,0.898675534201
147,0.146713957781
148,0.795089709784
148,0.30170170883
148,0.554165660318
148,0.665146606023
148,0.419066307683
148,0.391724495795
148,0.537716390707
148,0.615844742271
148,0.653565257229
148,0.0295843352971
149,0.0260544348661
149,0.224490233369
149,0.608827127323
149,0.325321701109
149,0.585803962119
149,0.998945850641
149,0.0199354884787
149,0.414968735774
149,0.226870339957
149,0.412373340276
150,0.428429146054
150,0.225848736185
150,0.418088040603
150,0.429059751874
150,0.196472721262
150,0.507730288211
150,0.426950300901
150,0.671662815614
150,0.5624355233
150,0.0
151,0.603962955485
151,0.308619136641
151,0.306828929324
151,0.0
151,0.368654350064
151,0.311176988222
151,0.845962413172
151,0.363840228591
151,0.678868966657
151,0.61258349974
152,0.218753367611
152,0.424472053757
152,0.479966731726
152,1.16436173176
152,0.768978866446
152,0.426630945398
152,0.268267057257
152,0.0
152,0.223233130036
152,0.943063231127
153,0.773699685948
153,1.39671487775
153,0.365670444508
153,0.0427565778902
153,0.685477206472
153,0.435652455771
153,0.288375387095
153,0.585533221084
153,0.656889118421
153,0.209429115431
154,0.0406522191065
154,0.13984935516
154,0.799021783435
154,0.513699015904
154,0.122434004681
154,0.168555717415
154,0.22328053719
154,0.215747962971
154,0.761682113711
154,0.793262770514
155,0.146423733902
155,0.0626275057066
155,0.376221472864
155,0.682747139882
155,0.537022013602
155,0.925379138692
155,1.17123034806
155,0.00406522191065
155,0.844010754298
155,0.112861882008
156,0.0945652896782
156,0.377771771896
156,0.560138547451
156,0.329127222124
156,0.66708878488
156,0.552401061891
156,0.43166369349
156,1.01026990185
156,0.458573453163
156,0.473516050953
157,0.87381245719
157,0.397975410731
157,0.327300311373
157,0.663622226691
157,0.0877412980895
157,0.408722214588
157,0.315640135547
157,0.677959526559
157,0.178888981061
157,0.0102026026149
158,0.246179046808
158,0.384341523051
158,0.783161563354
158,0.247763717166
158,0.234027757791
158,0.270868789332
158,0.408702508191
158,0.636065230638
158,1.02984108313
158,0.381118466738
159,0.828091094772
159,0.0
159,0.572549053095
159,0.782679223182
159,0.381873063418
159,0.155432297558
159,0.590731444901
159,0.417731744829
159,0.0959010480376
159,0.34294429806
160,0.664256330738
160,0.0912011358165
160,0.657924915183
160,0.291425092423
160,0.373003177363
160,0.480182283581
160,0.269587844819
160,1.11177953651
160,0.0
160,0.617953916833
161,0.795691884546
161,0.402555721791
161,0.332615051399
161,0.491713397461
161,0.599408964688
161,0.153719746051
161,0.572044162573
161,0.242806862699
161,0.441489078035
161,0.275637957759
162,0.165280403054
162,0.418383393999
162,0.421527556135
162,0.346503397247
162,0.567592931811
162,0.089927074
162,0.466366930185
162,0.390119433436
162,0.601250297703
162,1.09041598084
163,0.514428287615
163,0.467908697737
163,0.494854136304
163,0.465155790539
163,1.05365947401
163,0.404564980924
163,0.184252384557
163,0.245812000582
163,0.290796971548
163,0.299669997204
164,0.709644285392
164,0.429181465094
164,0.533510970206
164,0.379256047266
164,0.545094749957
164,0.159845535379
164,0.536952048588
164,0.287970079156
164,0.171098472937
164,0.0363117492064
165,0.253017775594
165,0.288288055336
165,0.259362047861
165,0.0121039164021
165,0.579168243053
165,0.092464602565
165,0.561143143818
165,0.523781371238
165,0.245228389977
165,0.0585621453126
166,0.390072621874
166,0.391608797659
166,0.0921574764336
166,0.453881028387
166,0.224278151757
166,0.41502517678
166,0.378405132358
166,0.52780277382
166,0.180405391044
166,0.0500910204542
167,0.642893150397
167,0.683855602585
167,0.544184534046
167,0.0851151906313
167,0.51082069135
167,0.105219663597
167,0.344293700609
167,0.0
167,0.36112239512
167,0.297775507772
168,0.480155034943
168,0.0855627486351
168,0.0642145482564
168,0.141254839264
168,0.64638182672
168,0.89843161402
168,0.682378123013
168,0.0155939084538
168,0.0791311541009
168,0.385122946888
169,0.0400645771285
169,0.543793675372
169,0.584884061912
169,0.639337265892
169,0.587334771521
169,0.217630419457
169,0.0736914411658
169,0.345875495583
169,0.499409371687
169,0.0689342907154
170,0.490016646528
170,0.587242319763
170,0.642447197878
170,0.149494287417
170,0.650331203944
170,0.845868954725
170,0.275570663292
170,0.81620820919
170,0.466344571174
170,0.52449100255
171,0.136643931055
171,0.0593372459291
171,0.686367604722
171,0.818442551099
171,0.331665125537
171,0.136187332208
171,0.501294711189
171,0.0377658960972
171,0.843736092293
171,0.0778865215315
172,0.393427392952
172,0.383175231355
172,0.795612558975
172,0.0949701421537
172,0.35512301821
172,0.530795519329
172,0.209517981659
172,0.205822046475
172,0.610020984847
172,0.310225525532
173,0.472529032832
173,0.601095154461
173,0.490370168723
173,0.538924677021
173,0.525762385004
173,0.348640685221
173,0.600564472271
173,0.215846247684
173,0.687402596151
173,0.0517237932883
174,0.0988658147338
174,0.0
174,0.397009736653
174,0.228433963705
174,0.28452346467
174,0.619783818091
174,0.946693073274
174,0.117551432603
174,0.302509396917
174,0.444683280333
175,0.348472404174
175,0.103688259047
175,0.330679165093
175,0.262570401049
175,0.914624626491
175,0.21879382196
175,0.220280458864
175,0.0109415014718
175,0.0405394275258
175,0.058967002264
176,0.202868396106
176,0.436286946631
176,0.465846931503
176,0.04758588366
176,0.385122946888
176,0.0
176,0.307007192657
176,0.0
176,0.618512720673
176,0.0567551985362
177,0.568470718648
177,0.459799050061
177,0.572047259932
177,0.382613229278
177,0.309806903623
177,0.779821067706
177,0.321298664073
177,0.18303856145
177,0.38321318735
177,0.125869209353
178,0.132002952681
178,0.0651916466323
178,0.622317405809
178,0.0973636817479
178,0.109684098672
178,0.466939853381
178,0.574009352849
178,0.864786740023
178,0.37322021691
178,0.255925270563
179,0.583972339796
179,0.204965896582
179,0.526795618847
179,0.443520047105
179,0.528327364785
179,0.396212956186
179,0.672107421935
179,1.10514473619
179,0.0723956017219
179,0.618307916106
180,0.263509583339
180,0.459788823836
180,1.07102270633
180,0.31651170873
180,0.592425176636
180,0.404002443255
180,0.384285914873
180,0.524177711224
180,0.212080808804
180,0.498126060244
181,0.0260766586529
181,0.236229723803
181,0.365041835593
181,0.0669095159842
181,0.369102820514
181,0.968633570942
181,0.394983426369
181,0.110403282209
181,0.203655086347
181,0.0154175891203
182,0.829135390565
182,0.109141069457
182,0.611777921178
182,0.159227047539
182,0.598931110891
182,0.693983491974
182,0.0785755351665
182,0.204644443395
182,0.77539779873
182,0.552099660985
183,0.0690191233822
183,0.325495998809
183,0.601095154461
183,0.979513431522
183,0.0456341526426
183,0.108050101782
183,0.336396393461
183,0.00829114887725
183,0.0726517388723
183,0.728269921642
184,0.436914537596
184,0.341941462739
184,0.383290686067
184,0.60396077673
184,0.328281000929
184,0.0703696184548
184,0.178044053574
184,0.338181183163
184,0.0843683322952
184,0.779023265611
185,0.193153025574
185,0.704153474379
185,0.154106463664
185,0.0908634280675
185,0.586507278677
185,0.594412998957
185,0.351520672228
185,0.0565244612979
185,0.403585434947
185,0.116514815551
186,0.182427423866
186,0.596131640177
186,0.773453600874
186,0.699964951059
186,0.794077286308
186,0.295275635618
186,0.701295486823
186,0.257254218985
186,0.828321211883
186,0.804121853214
187,0.0
187,0.729974403072
187,0.456483973212
187,0.149981450401
187,0.15100299984
187,0.461532660153
187,0.603206461919
187,0.994120695044
187,0.740356153145
187,0.668883597183
188,0.567045988807
188,0.135303804955
188,0.295129127753
188,0.823010527973
188,0.584373447711
188,0.493872742747
188,0.485540415503
188,0.549987570998
188,0.311090722927
188,0.463102648142
189,0.800606525291
189,0.27661994141
189,0.00406522191065
189,0.251416150161
189,0.34964311969
189,0.509299126352
189,0.305821167738
189,0.0888681387998
189,0.545585901731
189,0.65712599562
190,0.24848972085
190,0.509500413257
190,0.188837254579
190,0.0121039164021
190,0.622090369548
190,0.869470137809
190,0.659866084649
190,0.119292851234
190,0.185544468756
190,0.252153879204
191,0.399461145008
191,0.71034723267
191,0.0778263769981
191,0.0333995738488
191,0.435769401458
191,0.52474838687
191,0.229376886662
191,0.687703770402
191,0.0530969699042
191,0.294355379191
192,0.733847435657
192,0.769308501043
192,0.21624367934
192,0.928444149594
192,0.329367156675
192,0.643709439899
192,0.0756403483121
192,0.00813044382129
192,0.337037609615
192,0.158994331127
193,0.9985388412
193,0.296977933787
193,0.652670037147
193,0.542558746249
193,0.289485031375
193,0.965655471677
193,0.443070146493
193,0.294521146636
193,0.2911499059
193,0.0507257469512
194,0.0852179702988
194,0.444062481386
194,0.424707228147
194,0.311643389948
194,0.10000692941
194,0.703550042295
194,0.496559207705
194,0.627991982596
194,0.00976028078963
194,0.523395422534
195,0.385040573873
195,0.508689261535
195,0.396811890812
195,0.428067950901
195,0.435662988631
195,0.514537258469
195,0.19496805627
195,0.618339612516
195,0.756841696163
195,0.365289995504
196,0.893202078541
196,0.463708765607
196,0.246371033377
196,0.873402957789
196,0.597944017645
196,0.226165005233
196,0.411749196752
196,0.141311153245
196,0.280324080519
196,0.564989345612
197,0.57462843095
197,0.53505149016
197,0.434902274425
197,0.355830196718
197,0.103446826757
197,0.360309515545
197,0.268772226533
197,0.45091219104
197,0.383169334752
197,0.406171997048
198,0.104432164998
198,0.245728111816
198,0.485256013707
198,0.303321234856
198,0.287625434746
198,0.24271530342
198,0.194429413725
198,0.54131440711
198,1.39898041712
198,0.535800707736
199,0.366704901574
199,0.0838418772324
199,0.482287862057
199,0.336418326344
199,0.321610358765
199,0.438246183561
199,0.421594141409
199,0.572860404131
199,0.343333505454
199,0.396783651524
200,0.0867449622236
200,0.466962208929
200,0.777715365551
200,0.936447359808
200,0.202408754954
200,0.810912503041
200,0.440655221233
200,0.401382545737
200,0.485763049835
200,0.214386553791
201,0.263756484461
201,0.353130729627
201,0.228866225243
201,0.139035213428
201,0.130806180043
201,0.304684896636
201,0.0828612824734
201,0.984331888266
201,0.736295492593
201,0.612377126361
202,0.867411933011
202,0.582403618032
202,0.303558942306
202,0.598462581986
202,0.27408758313
202,0.174325289777
202,0.757803840571
202,0.472792059946
202,0.174559836329
202,0.153509227205
203,0.476993312985
203,0.630651316526
203,0.635199445822
203,0.0783108695172
203,0.750909775371
203,0.661257115715
203,0.0709701390878
203,0.274756980575
203,0.660221572437
203,0.782968877996
204,0.230906571735
204,0.469381157462
204,0.216094406094
204,0.0
204,0.696657004608
204,0.621737675961
204,0.34836039653
204,0.296148847648
204,0.365575030408
204,0.08102124394
205,0.29351076314
205,0.210942991867
205,0.325082900015
205,0.44857169872
205,0.120878274319
205,0.337008061658
205,0.605076045965
205,0.440704005526
205,0.286857181612
205,0.105642628251
206,0.376114969913
206,0.186716093243
206,0.385349104322
206,0.119067736287
206,1.07765437699
206,0.352034891814
206,0.33924254718
206,0.446237782502
206,0.491516719758
206,0.781310898011
207,0.518847998583
207,0.465909439189
207,0.26632476875
207,0.753990263948
207,0.809694596093
207,1.00582877185
207,0.741813584391
207,1.10433717638
207,0.0401883934098
207,0.864867152815
208,0.49576397391
208,0.481256342731
208,0.540604751779
208,0.0
208,0.53286568591
208,0.00651916466323
208,0.514888999686
208,0.264801657437
208,0.198095359267
208,0.832664736854
209,0.260018924264
209,1.00527982729
209,0.112395068597
209,0.71021414723
209,0.310280650979
209,0.545040850476
209,0.28993899114
209,0.241938274213
209,0.409016287692
209,0.810635094996
210,0.281852141789
210,0.722674044549
210,0.456013188249
210,0.121464447959
210,0.0162608876426
210,0.386600195463
210,0.867654765565
210,0.592842435817
210,0.328019194208
210,0.423807793723
211,0.659990349386
211,0.225324800527
211,0.344741926392
211,0.372363543639
211,0.542336181137
211,0.0372781764846
211,0.86426561747
211,0.554733731781
211,0.619668332732
211,0.688379948296
212,0.343794247695
212,0.790572838423
212,0.105146068351
212,0.0484340734648
212,0.195077646443
212,0.150840479733
212,0.341258226098
212,0.168624644898
212,0.668092124366
212,0.239922140759
213,0.35124623317
213,0.373612171386
213,0.552580652982
213,0.283398320022
213,0.600023082822
213,0.305695155838
213,0.124148944475
213,1.01814581798
213,0.410240881525
213,0.481169461095
214,0.0731739943916
214,0.944109331587
214,0.324597768304
214,0.459135189218
214,0.575405830824
214,0.180483951748
214,0.0209366170223
214,0.656826680342
214,0.267341039116
214,0.0794342620009
215,0.666509861605
215,0.135221525766
215,0.212490681799
215,0.720359282609
215,0.272808720377
215,0.103028784676
215,0.0119340811854
215,0.72451939618
215,0.312790028626
215,0.731607066397
216,0.411938286499
216,0.221649921167
216,0.600749503532
216,0.251934214946
216,0.522069012813
216,0.340098931428
216,0.124313137631
216,0.391461504074
216,0.355048214462
216,0.079931476649
217,0.0690523766907
217,0.798026693168
217,0.566569375269
217,0.329237398071
217,0.114020229088
217,0.235528425834
217,0.085989728478
217,0.710965338677
217,0.312882964859
217,0.690742072319
218,0.546472077983
218,0.179571720886
218,0.210858722966
218,0.371449267853
218,0.229373204046
218,0.57364311505
218,0.151769622455
218,0.217851594252
218,0.0
218,0.538075160163
219,0.348459153108
219,0.498196071973
219,0.0675642106243
219,0.0432529569368
219,0.978997346528
219,1.07808115659
219,0.234554650174
219,0.0533553726423
219,0.473722839923
219,0.581148234539
220,0.157849255396
220,0.593004629576
220,0.57447255336
220,0.0
220,0.554406547012
220,0.122305697332
220,0.382735714357
220,0.633506568465
220,0.289486592944
220,0.0566805862786
221,0.431656778512
221,0.227275456126
221,0.290684737564
221,0.0
221,0.55084251697
221,0.411057464783
221,0.82589259915
221,0.0795777330936
221,0.389314893197
221,0.102265815511
222,0.596787227977
222,0.231243136428
222,0.567132730366
222,0.647088170785
222,0.344992974417
222,0.580982580025
222,0.0442492750566
222,0.0121956657319
222,0.662919192938
222,0.269387082738
223,0.826201947138
223,0.234313512042
223,0.00813044382129
223,0.450504617341
223,0.423700988088
223,0.157568177336
223,0.37916050324
223,1.03563178836
223,0.460088396121
223,0.0359516778699
224,1.2322068061
224,0.417143552285
224,0.0
224,0.687141420548
224,0.485454253884
224,0.937649452362
224,0.282407896151
224,0.563224888608
224,0.122390132484
224,0.382701161534
225,0.127390141666
225,0.151769622455
225,0.101371083543
225,0.489840024753
225,0.311451914558
225,0.289811000151
225,0.511629224002
225,0.0321662992986
225,0.778172794748
225,0.319197774158
226,0.369355689326
226,0.200540124818
226,0.599151287229
226,0.3919525068
226,0.133295605905
226,0.340971325749
226,0.016275732247
226,0.526938399587
226,0.276812469089
226,0.0835226968333
227,0.0963241782217
227,0.328014199364
227,0.337398790063
227,0.164996794045
227,0.588241294898
227,0.348775632526
227,0.140970364549
227,0.0
227,0.292458363355
227,0.878637897409
228,0.498697311628
228,0.615423040849
228,0.403565075046
228,0.492700402663
228,1.18304183452
228,0.198765289884
228,0.137939010367
228,0.697368371773
228,0.724558560471
228,0.679045367767
229,0.116491743981
229,0.0456341526426
229,0.182945536613
229,0.204536087233
229,0.392094923533
229,0.425933438736
229,0.351225831342
229,0.338531298693
229,0.110002652167
229,0.756589386458
230,0.488818376087
230,0.0365113806555
230,0.849342228742
230,0.17040363874
230,0.587651115902
230,0.612481010244
230,0.220632442117
230,0.521821484477
230,0.447437258597
230,0.0769095618287
231,0.529261834204
231,0.102256561866
231,0.384371986958
231,0.628962366776
231,0.110825799275
231,0.472680683311
231,0.221509434777
231,0.510481406719
231,0.26480938323
231,0.573355518498
232,0.412688697307
232,0.440807886169
232,0.355575490128
232,0.0669356260716
232,0.845270990359
232,0.240815740499
232,0.168176915075
232,0.358362915807
232,0.134542460627
232,0.219351652327
233,1.24415381643
233,0.14156921673
233,0.216918649978
233,0.0138142235422
233,0.23871082861
233,0.400956425917
233,1.0548305364
233,0.911465468217
233,0.0489377245051
233,0.00406522191065
234,0.996508233281
234,0.329193520184
234,0.424765336519
234,0.948143970388
234,0.625558829779
234,0.177547138457
234,0.428294117488
234,0.00839546688131
234,0.80871026889
234,0.274214130158
235,0.287753965165
235,0.404358411194
235,0.295013765068
235,0.513881421598
235,0.495234165951
235,0.0171372430065
235,0.0465089460879
235,0.392344760615
235,0.529933543689
235,0.254747444609
236,0.0130683099448
236,0.0208373085082
236,0.317313055252
236,1.15733444372
236,0.470469207514
236,0.350316767671
236,0.570447234525
236,0.693834150479
236,0.396811890812
236,0.473006171177
237,0.955170170304
237,0.780116289423
237,0.0
237,0.719812016144
237,0.185097526908
237,0.00406522191065
237,0.292061693316
237,0.0816672124273
237,0.287720955337
237,0.153744039952
238,0.447394855049
238,0.0781307431307
238,0.252565766378
238,0.0709517216167
238,0.32111296143
238,0.896051601542
238,0.237077207501
238,0.557261892855
238,0.139976832568
238,0.360512352566
239,0.0
239,0.00406522191065
239,0.481685142538
239,0.560198246667
239,0.0587950033394
239,0.0
239,0.259369280633
239,0.362482087635
239,0.688763186177
239,0.625667099781
240,0.452785584175
240,0.682827229836
240,0.536349536049
240,0.2636411917
240,0.371508302425
240,0.084749140622
240,0.306681315572
240,0.22903985827
240,0.391673717682
240,0.409626181282
241,0.415861297072
241,0.0208034569146
241,0.0838757147066
241,0.00838418772324
241,1.00296500408
241,0.110687575131
241,0.577013100627
241,0.246719515796
241,0.227092787981
241,0.269191818367
242,0.403976746929
242,0.260174202281
242,0.0109415014718
242,0.589139329859
242,0.504648605784
242,0.309372757915
242,0.533973933655
242,1.12774797465
242,0.519462432116
242,0.255373067689
243,0.34816378871
243,0.713132404609
243,0.580934515135
243,0.3371363877
243,0.592533342049
243,0.173504403503
243,0.157626604211
243,1.23048787243
243,0.639414251833
243,0.607043219104
244,0.594752849853
244,0.4713300826
244,0.0676503964747
244,0.217637900753
244,0.536555710088
244,0.741437573204
244,0.587836428861
244,0.536902004145
244,0.49502780422
244,0.540240339891
245,0.118212845521
245,0.609415199989
245,0.104281882066
245,0.43261379864
245,0.521985942536
245,0.226241875808
245,0.554519741687
245,0.213809748184
245,0.494833010545
245,0.09730074243
246,0.526103846847
246,0.466759344014
246,0.34458206963
246,0.472395965913
246,0.923298915641
246,0.265071186453
246,0.804263834362
246,0.720639613242
246,0.312964669164
246,0.454030006329
247,0.301242880214
247,0.163300134394
247,0.635194044583
247,1.04230748066
247,1.02026026149
247,0.0382770994897
247,0.506259087304
247,0.621898068386
247,0.650988037598
247,0.0
248,0.332668887035
248,0.745669849772
248,0.418470611081
248,0.370915819395
248,0.293728877611
248,0.427445577149
248,0.154842630634
248,0.745686958796
248,0.572127497517
248,0.337846141369
249,0.0
249,0.350659671747
249,0.219271865345
249,0.352943346336
249,0.119688181356
249,0.468707397452
249,0.444458083481
249,0.674381904227
249,0.996114664951
249,0.244607494282
250,0.433107317579
250,0.660241526949
250,0.442960654448
250,0.49970648378
250,0.282397020361
250,0.603473361615
250,0.249809944754
250,0.264936278952
250,0.284279837443
250,0.0472185026254
251,0.144630281437
251,0.374924393309
251,0.151072859913
251,0.0891226072357
251,0.472679146402
251,0.016275732247
251,0.276567798819
251,0.203578741769
251,0.929926005094
251,0.599505141211
252,0.0196024649172
252,0.795286065656
252,0.418670601282
252,0.320994340608
252,0.0925420639037
252,0.382980306676
252,0.64918380597
252,0.232067079785
252,0.0539147355585
252,0.763964101487
253,0.813083974061
253,0.586735776112
253,0.344992049429
253,0.0134920538032
253,0.490121926617
253,0.274385277339
253,0.215585449956
253,0.372144500879
253,0.165162481035
253,0.340183245479
254,0.491064858843
254,0.337274909911
254,0.287113386277
254,0.401791215207
254,0.633624789204
254,0.329006358658
254,0.838006145565
254,0.480197995655
254,0.0579462632379
254,0.594499102146
255,0.257870836957
255,0.505962623127
255,1.16840381157
255,0.176147102612
255,0.0972429719751
255,0.542710551241
255,0.517084533704
255,0.337853600392
255,0.339655236574
255,0.577396154498
256,0.369327214244
256,0.38977619142
256,0.234184274112
256,0.439451886411
256,0.812866281914
256,0.359797201385
256,0.402744831598
256,0.987098867514
256,0.608619122396
256,0.0764498063543
257,0.687567388731
257,0.450396636707
257,0.544085227388
257,0.14437507643
257,0.0
257,0.142016371383
257,0.660311509433
257,0.477956935804
257,0.950248851367
257,0.591214156346
258,0.0653396085508
258,0.26719229534
258,0.58884993542
258,0.0826239394657
258,0.0167909337626
258,0.0312051853719
258,0.386286830782
258,0.227032073303
258,0.124953953172
258,0.247062877655
259,0.401268777164
259,0.433225755326
259,0.387431911084
259,0.225177269137
259,0.304930461146
259,0.156557161186
259,0.923687976282
259,0.193688104931
259,0.642951883826
259,0.0365869971958
260,0.281983189034
260,0.795607507626
260,0.591512558747
260,0.289751443478
260,0.755350405224
260,0.395394602469
260,0.347992251516
260,0.309834598099
260,0.262692440433
260,0.0162638526521
261,0.432679140564
261,0.384095099261
261,0.244885036147
261,0.0
261,0.124945241375
261,0.542177419863
261,0.668491904541
261,0.554565323392
261,0.361984088419
261,0.378606395296
262,0.474793411226
262,0.489940603752
262,0.456190839715
262,0.363967159676
262,0.696737731453
262,0.601022477763
262,0.204658336304
262,0.290013423028
262,0.525501468286
262,0.562652841362
263,0.0807375507433
263,0.106572952776
263,0.188579531192
263,0.624879316059
263,0.332183994473
263,0.30097547117
263,0.802166300089
263,0.440866193499
263,0.267916807723
263,0.538437289891
264,0.285498508609
264,0.194692027672
264,0.172224117356
264,0.128714501821
264,0.0
264,0.258200594911
264,0.473292923053
264,0.389758134162
264,0.808185649741
264,0.881959604875
265,0.0399021592984
265,0.998850042424
265,0.401581690014
265,0.37340885473
265,0.209203718472
265,0.586147400156
265,0.387664911114
265,0.368684584242
265,0.128148656365
265,0.107768665968
266,1.06131955068
266,0.0734943600562
266,0.610235243545
266,0.392662939393
266,0.804584848437
266,0.0628676941887
266,0.316498486015
266,0.00653415497239
266,0.19005993034
266,0.130730056797
267,0.802510375927
267,0.0492665981781
267,0.381613074681
267,0.445277585633
267,0.745279622616
267,0.288290084865
267,0.7312852201
267,0.859318039183
267,0.561296105664
267,0.0514576816846
268,0.578877073584
268,0.635922093389
268,0.244027752963
268,0.411184594267
268,0.510407068113
268,0.576118480507
268,0.296179867211
268,0.32252331507
268,0.385230074727
268,0.237178244594
269,0.466646928727
269,0.778927157209
269,0.184158247187
269,0.307158589058
269,0.359462234221
269,0.934134414759
269,0.635262562629
269,0.227320357816
269,0.42666106327
269,0.212155494285
270,1.00928554354
270,0.223981645084
270,0.393927547553
270,0.526921439397
270,0.436392649864
270,0.0211193004621
270,0.423789115618
270,0.560182401351
270,0.364419173757
270,0.10681213007
271,0.132420565361
271,0.115388567203
271,0.643850502628
271,0.509865506854
271,0.52730458936
271,0.637815635916
271,0.546326190504
271,0.36344100777
271,0.0670735017859
271,0.683969284818
272,0.724116437914
272,0.453913525746
272,0.45358026324
272,0.277016367745
272,1.01882877889
272,0.336844604936
272,0.268644695794
272,0.182769829554
272,0.65530889281
272,0.315110136099
273,0.395779802479
273,0.249514855553
273,0.0401010321885
273,0.461815682178
273,0.0166997869244
273,0.258083761814
273,0.189153886526
273,0.449861086339
273,0.586903353609
273,0.118013666448
274,0.616741587811
274,0.356482045819
274,0.317429995459
274,0.130648326816
274,0.5863440759
274,0.941452320565
274,0.518763459552
274,0.0121039164021
274,0.392843771904
274,0.637750742725
275,0.521433074557
275,0.556457634173
275,0.550516349816
275,0.0849539382571
275,0.349636604635
275,0.172281365255
275,0.322258478286
275,0.276932950559
275,0.28328855841
275,0.338502774543
276,0.527289254184
276,0.388947432912
276,0.458675217386
276,0.608758030542
276,0.184874163862
276,0.897805252423
276,0.267304124102
276,0.550517915588
276,0.310862182906
276,0.466606337588
277,0.535519606789
277,0.0412252829676
277,0.408836529532
277,0.492815868821
277,0.0354095961964
277,0.39433862935
277,0.0772392163023
277,0.789068316665
277,0.34486862588
277,0.107789934866
278,0.339590453197
278,0.626998308882
278,0.37907614737
278,0.70204524592
278,0.420005259878
278,0.0854570200608
278,0.281414035613
278,0.765014251021
278,0.169572044331
278,0.237670971373
279,0.618999421158
279,0.473028843828
279,0.316847699596
279,0.434824887478
279,0.470611549482
279,0.188667249261
279,0.277714177919
279,1.03014648098
279,0.416529897481
279,0.120875792923
280,0.314392494378
280,0.0
280,0.396906743853
280,0.0725459669177
280,0.244161113
280,0.0130683099448
280,0.627771854502
280,0.326411790371
280,0.586812798752
280,0.454427966449
281,0.632080239494
281,0.792204638133
281,0.490468171355
281,0.795855664303
281,0.627568186136
281,0.727844169664
281,0.344130651073
281,0.121504107596
281,0.0664928815904
281,0.358342011623
282,0.352928820129
282,0.832636573306
282,0.305581296129
282,0.097054990057
282,0.209092959116
282,0.708995992862
282,0.265298483965
282,0.669396704038
282,0.648217986529
282,0.142838904197
283,0.543152095221
283,0.206474988429
283,0.725203309236
283,0.719172663662
283,0.359094677326
283,0.232419617984
283,0.588777669739
283,0.527070000054
283,0.288539805914
283,0.0
284,0.190850843052
284,0.784299461579
284,0.214290307297
284,0.412971999643
284,0.0400637377997
284,0.397903482552
284,0.334395699356
284,0.460811587723
284,0.646337692684
284,0.25770514427
285,0.45117590812
285,0.288876592701
285,0.543382678866
285,0.943101534572
285,0.249641482975
285,0.764722512129
285,0.864108665441
285,1.02026026149
285,0.117444569821
285,0.175552314117
286,0.644132491731
286,0.0433489004048
286,0.35274609902
286,0.644374899786
286,0.0786348908129
286,0.317077532765
286,0.153646784315
286,0.122797550509
286,0.0425805158862
286,0.847459563685
287,0.434708231447
287,0.235044198288
287,0.521081499496
287,0.0791873435487
287,0.88663764521
287,0.35273918656
287,0.655595459111
287,0.310014813452
287,0.36156486184
287,0.56344015897
288,0.484721682007
288,0.0403385896082
288,0.580763821316
288,0.291800221293
288,0.508572429885
288,0.932894589449
288,0.581742711536
288,0.563987087453
288,0.554101610785
288,0.215876449246
289,0.022795042615
289,0.104534038648
289,0.255362609999
289,0.416771972967
289,0.290377430124
289,0.43226606539
289,0.78647779446
289,0.909880309754
289,0.241653087992
289,0.138313812798
290,0.57673287101
290,0.363895437029
290,0.308197141618
290,0.153644622782
290,0.726022219763
290,0.146045522622
290,0.383691359983
290,0.613101632124
290,0.367976375856
290,0.914926131571
291,0.554595737891
291,0.0389667867119
291,0.375112245906
291,0.175264121699
291,0.335509261771
291,1.21759976153
291,0.954603096987
291,0.310179588388
291,0.502546981592
291,0.383292416344
292,0.202027890029
292,0.300528594529
292,0.401083190636
292,0.131100343119
292,0.386061811646
292,0.393995800361
292,0.119583077568
292,0.720939179209
292,0.419179941589
292,0.121150807805
293,0.164095362509
293,0.140949530913
293,0.196802796096
293,0.0986576924283
293,0.409888220093
293,0.440466166164
293,0.366581730104
293,0.332796633443
293,0.710190250303
293,0.553785195797
294,0.378059062683
294,0.0
294,0.460604659711
294,0.152406157408
294,0.391266619126
294,0.548682939989
294,0.398056290636
294,0.436386595329
294,0.228282612547
294,0.544790350027
295,0.386058062402
295,0.320352067973
295,0.00829114887725
295,0.158812558489
295,0.474602989856
295,0.385358643505
295,0.463080216296
295,0.112157664663
295,0.61687023407
295,0.388972755998
296,0.689897717484
296,0.342704535804
296,0.498416678104
296,0.134147003572
296,0.233125986623
296,0.257838732921
296,0.281124131683
296,0.25697796283
296,0.659415952574
296,0.643258761001
297,0.179307749466
297,0.241655581873
297,0.28073112572
297,0.531825170134
297,0.537804259561
297,0.0270254084732
297,0.369652716093
297,0.244721928943
297,0.164265570353
297,0.540067532232
298,0.048249448948
298,0.467218375448
298,0.734382018481
298,0.223919800606
298,0.383689975464
298,0.660473443678
298,0.0895845465567
298,0.494741190726
298,0.429746441543
298,0.662473136288
299,0.151467038458
299,0.465461624961
299,0.37404394223
299,0.274714763638
299,0.428018894304
299,0.409453581535
299,0.326001337903
299,0.117709394173
299,0.235533455096
299,0.162432204971
300,0.08925844344
300,0.443969950491
300,0.393944391573
300,0.0777296977517
300,0.375695887823
300,0.115384012123
300,0.511081608082
300,0.387406791945
300,0.00904381457724
300,0.620310157435
